source,target
Artificial_intelligence,15.ai
Artificial_intelligence,2001: A Space Odyssey
Artificial_intelligence,2001: A Space Odyssey (novel)
Artificial_intelligence,2024 Indian general election
Artificial_intelligence,3D optical data storage
Artificial_intelligence,A* search algorithm
Artificial_intelligence,A.I. Artificial Intelligence
Artificial_intelligence,AAAI
Artificial_intelligence,ABB
Artificial_intelligence,ACM Computing Classification System
Artificial_intelligence,"ACM Conference on Fairness, Accountability, and Transparency"
Artificial_intelligence,ACM SIGEVO
Artificial_intelligence,ACM SIGPLAN Notices
Artificial_intelligence,AI-assisted software development
Artificial_intelligence,AI-generated content on Wikipedia
Artificial_intelligence,AI (disambiguation)
Artificial_intelligence,AI Overviews
Artificial_intelligence,AI Safety Institute (United Kingdom)
Artificial_intelligence,AI Safety Summit
Artificial_intelligence,AI Seoul Summit
Artificial_intelligence,AI Winter
Artificial_intelligence,AI aftermath scenarios
Artificial_intelligence,AI alignment
Artificial_intelligence,AI art
Artificial_intelligence,AI boom
Artificial_intelligence,AI bubble
Artificial_intelligence,AI capability control
Artificial_intelligence,AI effect
Artificial_intelligence,AI safety
Artificial_intelligence,AI takeover
Artificial_intelligence,AI winter
Artificial_intelligence,ALGOL 60
Artificial_intelligence,A priori and a posteriori
Artificial_intelligence,Abductive reasoning
Artificial_intelligence,Abstract and concrete
Artificial_intelligence,Academic journal
Artificial_intelligence,Academic research
Artificial_intelligence,Accelerating change
Artificial_intelligence,Action selection
Artificial_intelligence,Activation function
Artificial_intelligence,AdSense
Artificial_intelligence,Adaptable robotics
Artificial_intelligence,Adobe Firefly
Artificial_intelligence,Advanced driver-assistance system
Artificial_intelligence,Adversarial machine learning
Artificial_intelligence,Adversarial search
Artificial_intelligence,Aerobot
Artificial_intelligence,Aeronautics
Artificial_intelligence,Affect (psychology)
Artificial_intelligence,Affective computing
Artificial_intelligence,Agency (philosophy)
Artificial_intelligence,Agentic AI
Artificial_intelligence,Agricultural robot
Artificial_intelligence,Aidan Gomez
Artificial_intelligence,Alan Mackworth
Artificial_intelligence,Alan Turing
Artificial_intelligence,Alan Turing Institute
Artificial_intelligence,Alberto Ciaramella
Artificial_intelligence,Aldous Huxley
Artificial_intelligence,AlexNet
Artificial_intelligence,Alex Graves (computer scientist)
Artificial_intelligence,Alex Krizhevsky
Artificial_intelligence,Alex Pentland
Artificial_intelligence,Alexander Bain (philosopher)
Artificial_intelligence,Alexander Lerner
Artificial_intelligence,Alexey Ivakhnenko
Artificial_intelligence,Alexey Lyapunov
Artificial_intelligence,Alfred North Whitehead
Artificial_intelligence,Alfred Radcliffe-Brown
Artificial_intelligence,Algorithm
Artificial_intelligence,Algorithm design
Artificial_intelligence,Algorithmic bias
Artificial_intelligence,Algorithmic efficiency
Artificial_intelligence,Algorithmic fairness
Artificial_intelligence,Algorithmic transparency
Artificial_intelligence,Alibaba Group
Artificial_intelligence,Aliens (film)
Artificial_intelligence,Alignment Research Center
Artificial_intelligence,Allen Newell
Artificial_intelligence,Allenna Leonard
Artificial_intelligence,Alpha-synuclein
Artificial_intelligence,AlphaEvolve
Artificial_intelligence,AlphaFold
Artificial_intelligence,AlphaFold 2
Artificial_intelligence,AlphaGeometry
Artificial_intelligence,AlphaGo
Artificial_intelligence,AlphaGo versus Ke Jie
Artificial_intelligence,AlphaZero
Artificial_intelligence,Alphabet Inc.
Artificial_intelligence,Alternating decision tree
Artificial_intelligence,Alternative hypothesis
Artificial_intelligence,Alva Noë
Artificial_intelligence,Alvey
Artificial_intelligence,Alvin Goldman
Artificial_intelligence,Amazon (company)
Artificial_intelligence,Amazon Alexa
Artificial_intelligence,Amazon Robotics
Artificial_intelligence,Ambient intelligence
Artificial_intelligence,American Invitational Mathematics Examination
Artificial_intelligence,Amos Tversky
Artificial_intelligence,Analysis of algorithms
Artificial_intelligence,Analytic–synthetic distinction
Artificial_intelligence,Ancient language
Artificial_intelligence,Andrej Karpathy
Artificial_intelligence,Andrew Ng
Artificial_intelligence,Android (robot)
Artificial_intelligence,Andy Clark
Artificial_intelligence,Angelina Jolie
Artificial_intelligence,Animal machine
Artificial_intelligence,Animatronics
Artificial_intelligence,Ant colony optimization
Artificial_intelligence,Ant trail
Artificial_intelligence,Anthony Wilden
Artificial_intelligence,Anthropic
Artificial_intelligence,Anthropomorphic
Artificial_intelligence,Anthropomorphise
Artificial_intelligence,Anti-discrimination law
Artificial_intelligence,Anti-realism
Artificial_intelligence,Anybots
Artificial_intelligence,Apple Computer
Artificial_intelligence,Apple Inc.
Artificial_intelligence,Application security
Artificial_intelligence,Applications of AI
Artificial_intelligence,Applications of artificial intelligence
Artificial_intelligence,ArXiv (identifier)
Artificial_intelligence,Aristotle
Artificial_intelligence,Arthur E. Bryson
Artificial_intelligence,Arthur Samuel (computer scientist)
Artificial_intelligence,Articulated robot
Artificial_intelligence,Artificial Evolution Conference
Artificial_intelligence,Artificial Intelligence: A Modern Approach
Artificial_intelligence,Artificial Intelligence Act
Artificial_intelligence,Artificial consciousness
Artificial_intelligence,Artificial development
Artificial_intelligence,Artificial general intelligence
Artificial_intelligence,Artificial human companion
Artificial_intelligence,Artificial intelligence (disambiguation)
Artificial_intelligence,Artificial intelligence and copyright
Artificial_intelligence,Artificial intelligence and elections
Artificial_intelligence,Artificial intelligence arms race
Artificial_intelligence,Artificial intelligence art
Artificial_intelligence,Artificial intelligence content detection
Artificial_intelligence,Artificial intelligence controversies
Artificial_intelligence,Artificial intelligence in Wikimedia projects
Artificial_intelligence,Artificial intelligence in fiction
Artificial_intelligence,Artificial intelligence in government
Artificial_intelligence,Artificial intelligence in healthcare
Artificial_intelligence,Artificial intelligence in industry
Artificial_intelligence,Artificial intelligence in mental health
Artificial_intelligence,Artificial intelligence in video games
Artificial_intelligence,Artificial intelligence industry in Canada
Artificial_intelligence,Artificial intelligence systems integration
Artificial_intelligence,Artificial life
Artificial_intelligence,Artificial mind
Artificial_intelligence,Artificial moral agents
Artificial_intelligence,Artificial neural network
Artificial_intelligence,Artificial neural networks
Artificial_intelligence,Artificial neurons
Artificial_intelligence,Artificial selection
Artificial_intelligence,Ashish Vaswani
Artificial_intelligence,Asilomar Conference on Beneficial AI
Artificial_intelligence,Association for Computing Machinery
Artificial_intelligence,Association for the Advancement of Artificial Intelligence
Artificial_intelligence,Astronomically large
Artificial_intelligence,Atari
Artificial_intelligence,Atomtronics
Artificial_intelligence,Attention (machine learning)
Artificial_intelligence,Attention is all you need
Artificial_intelligence,Audio-Animatronics
Artificial_intelligence,Augmented reality
Artificial_intelligence,Auguste Comte
Artificial_intelligence,Aurora (text-to-image model)
Artificial_intelligence,Authoritarian
Artificial_intelligence,AutoGPT
Artificial_intelligence,Autoencoder
Artificial_intelligence,Automata theory
Artificial_intelligence,Automated decision-making
Artificial_intelligence,Automated decision making
Artificial_intelligence,Automated planning
Artificial_intelligence,Automated planning and scheduling
Artificial_intelligence,Automated reasoning
Artificial_intelligence,Automated restaurant
Artificial_intelligence,Automated retail
Artificial_intelligence,Automatic differentiation
Artificial_intelligence,Automatic language translation
Artificial_intelligence,Automatic reasoning
Artificial_intelligence,Automation
Artificial_intelligence,Automaton
Artificial_intelligence,Autonomous underwater vehicle
Artificial_intelligence,Autonomous vehicles
Artificial_intelligence,Autoregressive model
Artificial_intelligence,Axiom
Artificial_intelligence,BBC News
Artificial_intelligence,BEAM robotics
Artificial_intelligence,BERT (language model)
Artificial_intelligence,BLOOM (language model)
Artificial_intelligence,Backpropagation
Artificial_intelligence,Backward chaining
Artificial_intelligence,Bacterial Colony Optimization
Artificial_intelligence,Bad actor
Artificial_intelligence,Baidu
Artificial_intelligence,Bar exam
Artificial_intelligence,Barrett Technology
Artificial_intelligence,Baruch Spinoza
Artificial_intelligence,Bas van Fraassen
Artificial_intelligence,Basic Books
Artificial_intelligence,Batch normalization
Artificial_intelligence,Bayesian decision theory
Artificial_intelligence,Bayesian inference
Artificial_intelligence,Bayesian learning
Artificial_intelligence,Bayesian network
Artificial_intelligence,Bees algorithm
Artificial_intelligence,Behavior selection algorithm
Artificial_intelligence,Behaviorism
Artificial_intelligence,Ben Tarnoff
Artificial_intelligence,Bernard Widrow
Artificial_intelligence,Bertrand Russell
Artificial_intelligence,Best-first search
Artificial_intelligence,Bias (statistics)
Artificial_intelligence,Bias–variance tradeoff
Artificial_intelligence,Bibcode (identifier)
Artificial_intelligence,Big Tech
Artificial_intelligence,Big data
Artificial_intelligence,Bill Gates
Artificial_intelligence,Bill Joy
Artificial_intelligence,Bing Chat
Artificial_intelligence,Biocybernetics
Artificial_intelligence,Bioethics
Artificial_intelligence,Biological naturalism
Artificial_intelligence,Biomedical cybernetics
Artificial_intelligence,Biorobotics
Artificial_intelligence,Biosemiotics
Artificial_intelligence,Bioterrorism
Artificial_intelligence,Bitter lesson
Artificial_intelligence,Bletchley Park
Artificial_intelligence,Blocks world
Artificial_intelligence,Bloomberg News
Artificial_intelligence,Boston Dynamics
Artificial_intelligence,Brad Rutter
Artificial_intelligence,Brain–computer interface
Artificial_intelligence,Breadth first search
Artificial_intelligence,Brian Christian
Artificial_intelligence,Brute force search
Artificial_intelligence,Buckminster Fuller
Artificial_intelligence,Business process automation
Artificial_intelligence,Buzzword
Artificial_intelligence,C. D. Broad
Artificial_intelligence,CMA-ES
Artificial_intelligence,COMPAS (software)
Artificial_intelligence,Cain's Jawbone
Artificial_intelligence,Campaign finance
Artificial_intelligence,Carbon nanotube field-effect transistor
Artificial_intelligence,Carl Benedikt Frey
Artificial_intelligence,Carl Gustav Hempel
Artificial_intelligence,Carnegie Endowment for International Peace
Artificial_intelligence,Carnegie Mellon
Artificial_intelligence,Cartoon
Artificial_intelligence,Case-based reasoning
Artificial_intelligence,Catastrophe theory
Artificial_intelligence,Causality
Artificial_intelligence,Cellular evolutionary algorithm
Artificial_intelligence,Center for AI Safety
Artificial_intelligence,Center for Applied Rationality
Artificial_intelligence,Center for Human-Compatible Artificial Intelligence
Artificial_intelligence,Central processing unit
Artificial_intelligence,Centre for the Study of Existential Risk
Artificial_intelligence,Charles François (systems scientist)
Artificial_intelligence,Charles Sanders Peirce
Artificial_intelligence,ChatGPT
Artificial_intelligence,Chatbot
Artificial_intelligence,Chatbots
Artificial_intelligence,Checkers
Artificial_intelligence,Chess
Artificial_intelligence,Chief automation officer
Artificial_intelligence,Chinchilla (language model)
Artificial_intelligence,Chinese room
Artificial_intelligence,Chinmayi Sharma
Artificial_intelligence,Chipless RFID
Artificial_intelligence,Christopher D. Manning
Artificial_intelligence,Circumscription (logic)
Artificial_intelligence,CiteSeerX (identifier)
Artificial_intelligence,Civilization
Artificial_intelligence,Classifier (machine learning)
Artificial_intelligence,Classifier (mathematics)
Artificial_intelligence,Claude (language model)
Artificial_intelligence,Claude Bernard
Artificial_intelligence,Claude Shannon
Artificial_intelligence,Claytronics
Artificial_intelligence,Cliff Joslyn
Artificial_intelligence,Cliff Shaw
Artificial_intelligence,Climber (BEAM)
Artificial_intelligence,Closed world assumption
Artificial_intelligence,Cloud computing
Artificial_intelligence,Cloud robotics
Artificial_intelligence,Cluster analysis
Artificial_intelligence,Cognition
Artificial_intelligence,Cognitive closure (philosophy)
Artificial_intelligence,Coherentism
Artificial_intelligence,Collingridge dilemma
Artificial_intelligence,Combinatorial explosion
Artificial_intelligence,Command and control
Artificial_intelligence,Commensurability (philosophy of science)
Artificial_intelligence,Commonsense knowledge (artificial intelligence)
Artificial_intelligence,Commonsense reasoning
Artificial_intelligence,Communication protocol
Artificial_intelligence,Companion robot
Artificial_intelligence,Competitions and prizes in artificial intelligence
Artificial_intelligence,Compiler construction
Artificial_intelligence,Computability theory
Artificial_intelligence,Computation
Artificial_intelligence,Computation time
Artificial_intelligence,Computational biology
Artificial_intelligence,Computational chemistry
Artificial_intelligence,Computational complexity
Artificial_intelligence,Computational complexity theory
Artificial_intelligence,Computational creativity
Artificial_intelligence,Computational engineering
Artificial_intelligence,Computational geometry
Artificial_intelligence,Computational intelligence
Artificial_intelligence,Computational learning theory
Artificial_intelligence,Computational mathematics
Artificial_intelligence,Computational neuroscience
Artificial_intelligence,Computational physics
Artificial_intelligence,Computational propaganda
Artificial_intelligence,Computational social science
Artificial_intelligence,Computational theory of mind
Artificial_intelligence,Computer
Artificial_intelligence,Computer (magazine)
Artificial_intelligence,Computer Go
Artificial_intelligence,Computer accessibility
Artificial_intelligence,Computer animation
Artificial_intelligence,Computer architecture
Artificial_intelligence,Computer data storage
Artificial_intelligence,Computer graphics
Artificial_intelligence,Computer hardware
Artificial_intelligence,Computer network
Artificial_intelligence,Computer program
Artificial_intelligence,Computer science
Artificial_intelligence,Computer security
Artificial_intelligence,Computer vision
Artificial_intelligence,Computing
Artificial_intelligence,Computing Machinery and Intelligence
Artificial_intelligence,Computing machinery and intelligence
Artificial_intelligence,Computing platform
Artificial_intelligence,Concept
Artificial_intelligence,Concurrency (computer science)
Artificial_intelligence,Concurrent computing
Artificial_intelligence,Conditional probability table
Artificial_intelligence,Conditionally independent
Artificial_intelligence,Confirmation holism
Artificial_intelligence,Conjugate gradient method
Artificial_intelligence,Connectionism
Artificial_intelligence,Consciousness
Artificial_intelligence,Consciousness Explained
Artificial_intelligence,Consequentialism
Artificial_intelligence,Consilience
Artificial_intelligence,Conspiracy theories
Artificial_intelligence,Constellation Energy
Artificial_intelligence,Constraint satisfaction
Artificial_intelligence,Construct (philosophy)
Artificial_intelligence,Constructive empiricism
Artificial_intelligence,Constructive realism
Artificial_intelligence,Constructivist epistemology
Artificial_intelligence,Content moderation
Artificial_intelligence,Context (linguistics)
Artificial_intelligence,Contextualism
Artificial_intelligence,Continuous track
Artificial_intelligence,Continuum robot
Artificial_intelligence,Control flow
Artificial_intelligence,Control theory
Artificial_intelligence,Control variable
Artificial_intelligence,Convention on Certain Conventional Weapons
Artificial_intelligence,Conventionalism
Artificial_intelligence,Conversation theory
Artificial_intelligence,Convolution
Artificial_intelligence,Convolutional neural network
Artificial_intelligence,Convolutional neural networks
Artificial_intelligence,Copyright
Artificial_intelligence,Cornell University
Artificial_intelligence,Corpus of text
Artificial_intelligence,Correlation
Artificial_intelligence,Correlation function
Artificial_intelligence,Council of Europe
Artificial_intelligence,Creative synthesis
Artificial_intelligence,Creativity
Artificial_intelligence,Credit rating
Artificial_intelligence,Criminals
Artificial_intelligence,Criticism of science
Artificial_intelligence,Critique of work
Artificial_intelligence,Cross-validation (statistics)
Artificial_intelligence,Cryptography
Artificial_intelligence,Cuckoo search
Artificial_intelligence,Cultural algorithm
Artificial_intelligence,Cyber-physical system
Artificial_intelligence,Cyberethics
Artificial_intelligence,Cybermethodology
Artificial_intelligence,Cyberneticist
Artificial_intelligence,Cybernetics
Artificial_intelligence,Cybernetics in the Soviet Union
Artificial_intelligence,Cybersemiotics
Artificial_intelligence,Cyberwarfare
Artificial_intelligence,Cyborg
Artificial_intelligence,Cynthia Dwork
Artificial_intelligence,DALL-E
Artificial_intelligence,DARPA
Artificial_intelligence,DARWIN EU
Artificial_intelligence,DBRX
Artificial_intelligence,Dan Hendrycks
Artificial_intelligence,Daniel Bobrow
Artificial_intelligence,Daniel Crevier
Artificial_intelligence,Daniel Dennett
Artificial_intelligence,Daniel Huttenlocher
Artificial_intelligence,Daniel Kahneman
Artificial_intelligence,Daniel Kokotajlo (researcher)
Artificial_intelligence,Daniela Rus
Artificial_intelligence,Dartmouth College
Artificial_intelligence,Dartmouth workshop
Artificial_intelligence,Darwin Among the Machines
Artificial_intelligence,Darwin among the Machines
Artificial_intelligence,Data
Artificial_intelligence,Data aggregation
Artificial_intelligence,Data augmentation
Artificial_intelligence,Data center
Artificial_intelligence,Data mining
Artificial_intelligence,Data set
Artificial_intelligence,Database
Artificial_intelligence,David Autor
Artificial_intelligence,David Chalmers
Artificial_intelligence,David Hume
Artificial_intelligence,David Lewis (philosopher)
Artificial_intelligence,David Malet Armstrong
Artificial_intelligence,David Poole (researcher)
Artificial_intelligence,David Silver (computer scientist)
Artificial_intelligence,De-identification
Artificial_intelligence,Decision-making
Artificial_intelligence,Decision analysis
Artificial_intelligence,Decision network
Artificial_intelligence,Decision support system
Artificial_intelligence,Decision theory
Artificial_intelligence,Decision tree
Artificial_intelligence,Deconvolution
Artificial_intelligence,Deductive-nomological model
Artificial_intelligence,Deductive reasoning
Artificial_intelligence,DeepDream
Artificial_intelligence,DeepFace
Artificial_intelligence,DeepMind
Artificial_intelligence,DeepSeek
Artificial_intelligence,DeepSeek (chatbot)
Artificial_intelligence,Deep Q-learning
Artificial_intelligence,Deep learning
Artificial_intelligence,Deep learning speech synthesis
Artificial_intelligence,Deep neural networks
Artificial_intelligence,Deepfake
Artificial_intelligence,Deepfake pornography
Artificial_intelligence,Deepfakes
Artificial_intelligence,Default logic
Artificial_intelligence,Default reasoning
Artificial_intelligence,Defendant
Artificial_intelligence,Demarcation problem
Artificial_intelligence,Demis Hassabis
Artificial_intelligence,Dependability
Artificial_intelligence,Dependent and independent variables
Artificial_intelligence,Depth-first search
Artificial_intelligence,Derek Parfit
Artificial_intelligence,Description logic
Artificial_intelligence,Descriptive research
Artificial_intelligence,Design of experiments
Artificial_intelligence,Determinism
Artificial_intelligence,Developmental robotics
Artificial_intelligence,Dharmakirti
Artificial_intelligence,Dictionary learning
Artificial_intelligence,Differentiable neural computer
Artificial_intelligence,Differential evolution
Artificial_intelligence,Differential privacy
Artificial_intelligence,Differential technological development
Artificial_intelligence,Diffusion process
Artificial_intelligence,Digital art
Artificial_intelligence,Digital audio
Artificial_intelligence,Digital immortality
Artificial_intelligence,Digital library
Artificial_intelligence,Digital marketing
Artificial_intelligence,Digital organism
Artificial_intelligence,Digital warfare
Artificial_intelligence,Disability robot
Artificial_intelligence,Disaster
Artificial_intelligence,Discovery One
Artificial_intelligence,Discrete mathematics
Artificial_intelligence,Discrimination
Artificial_intelligence,Disruptive innovation
Artificial_intelligence,Distributed artificial intelligence
Artificial_intelligence,Distributed computing
Artificial_intelligence,Distributive justice
Artificial_intelligence,Do Androids Dream of Electric Sheep?
Artificial_intelligence,Do You Trust This Computer?
Artificial_intelligence,Document management system
Artificial_intelligence,Doi (identifier)
Artificial_intelligence,Domain-specific language
Artificial_intelligence,Domestic robot
Artificial_intelligence,Donald Davidson (philosopher)
Artificial_intelligence,Doosan Robotics
Artificial_intelligence,Double descent
Artificial_intelligence,Douglas Lenat
Artificial_intelligence,Dream Machine (text-to-video model)
Artificial_intelligence,Dreyfus' critique of AI
Artificial_intelligence,Dynamic Bayesian network
Artificial_intelligence,E-commerce
Artificial_intelligence,Echo state network
Artificial_intelligence,Economics
Artificial_intelligence,Economy
Artificial_intelligence,Edmund Husserl
Artificial_intelligence,Educational robotics
Artificial_intelligence,Educational technology
Artificial_intelligence,Edward Feigenbaum
Artificial_intelligence,Edward Fredkin
Artificial_intelligence,Effective accelerationism
Artificial_intelligence,Elaine Rich
Artificial_intelligence,Electric unicycle
Artificial_intelligence,Electrochemical RAM
Artificial_intelligence,Electronic design automation
Artificial_intelligence,Electronic publishing
Artificial_intelligence,Electronic voting
Artificial_intelligence,EleutherAI
Artificial_intelligence,ElevenLabs
Artificial_intelligence,Eliezer Yudkowsky
Artificial_intelligence,Eliminative materialism
Artificial_intelligence,Elon Musk
Artificial_intelligence,Embedded system
Artificial_intelligence,Embodied mind
Artificial_intelligence,Emergence
Artificial_intelligence,Emergent algorithm
Artificial_intelligence,Emergent materialism
Artificial_intelligence,Emerging technologies
Artificial_intelligence,Emily M. Bender
Artificial_intelligence,Empirical evidence
Artificial_intelligence,Empiricism
Artificial_intelligence,Energid Technologies
Artificial_intelligence,Energy storage
Artificial_intelligence,Engineering
Artificial_intelligence,Engineering cybernetics
Artificial_intelligence,Enterprise information system
Artificial_intelligence,Enterprise software
Artificial_intelligence,Entertainment robot
Artificial_intelligence,Environmental impacts of artificial intelligence
Artificial_intelligence,Ephemeralization
Artificial_intelligence,Epiphenomenalism
Artificial_intelligence,Epistemological anarchism
Artificial_intelligence,Epistemology
Artificial_intelligence,Equality (mathematics)
Artificial_intelligence,Eric Schmidt
Artificial_intelligence,Erich von Holst
Artificial_intelligence,Ernst von Glasersfeld
Artificial_intelligence,Ethics of AI
Artificial_intelligence,Ethics of artificial intelligence
Artificial_intelligence,Ethics of technology
Artificial_intelligence,European Medicines Agency
Artificial_intelligence,European Union
Artificial_intelligence,Event calculus
Artificial_intelligence,Evidence-based practice
Artificial_intelligence,EvoStar
Artificial_intelligence,Evolution strategy
Artificial_intelligence,Evolutionary Computation (journal)
Artificial_intelligence,Evolutionary algorithm
Artificial_intelligence,Evolutionary computation
Artificial_intelligence,Evolutionary data mining
Artificial_intelligence,Evolutionary multimodal optimization
Artificial_intelligence,Evolutionary programming
Artificial_intelligence,Evolutionary robotics
Artificial_intelligence,Evolutionism
Artificial_intelligence,Ex Machina (film)
Artificial_intelligence,Exact sciences
Artificial_intelligence,Exelon
Artificial_intelligence,Existential risk from artificial general intelligence
Artificial_intelligence,Existential risk from artificial intelligence
Artificial_intelligence,Expectation–maximization algorithm
Artificial_intelligence,Expected utility
Artificial_intelligence,Experiment
Artificial_intelligence,Expert system
Artificial_intelligence,Expert systems
Artificial_intelligence,Explainable AI
Artificial_intelligence,Explainable Artificial Intelligence
Artificial_intelligence,Explanatory power
Artificial_intelligence,Exploratory engineering
Artificial_intelligence,Eyal Press
Artificial_intelligence,FANUC
Artificial_intelligence,FCC
Artificial_intelligence,FDA
Artificial_intelligence,FaceNet
Artificial_intelligence,Face ID
Artificial_intelligence,Facebook
Artificial_intelligence,Facial recognition system
Artificial_intelligence,Fact
Artificial_intelligence,Factory farming
Artificial_intelligence,Fair use
Artificial_intelligence,Fairness (machine learning)
Artificial_intelligence,Faith and rationality
Artificial_intelligence,Fallibilism
Artificial_intelligence,Falsifiability
Artificial_intelligence,FarmWise
Artificial_intelligence,Fault tolerance
Artificial_intelligence,Federal Energy Regulatory Commission
Artificial_intelligence,Federal Trade Commission
Artificial_intelligence,Feedforward neural network
Artificial_intelligence,Fei-Fei Li
Artificial_intelligence,Female gendering of AI technologies
Artificial_intelligence,Feminist method
Artificial_intelligence,Ferroelectric RAM
Artificial_intelligence,Field of research
Artificial_intelligence,Fifth Generation Project
Artificial_intelligence,Fifth generation computer
Artificial_intelligence,Figure AI
Artificial_intelligence,Filter bubbles
Artificial_intelligence,Fine-tuning (deep learning)
Artificial_intelligence,Finite-state machine
Artificial_intelligence,Firefly algorithm
Artificial_intelligence,First-order logic
Artificial_intelligence,Fitness approximation
Artificial_intelligence,Fitness function
Artificial_intelligence,Fitness landscape
Artificial_intelligence,Flocking
Artificial_intelligence,Fluent calculus
Artificial_intelligence,Flux (text-to-image model)
Artificial_intelligence,Fordham University
Artificial_intelligence,Foreign Affairs
Artificial_intelligence,Foreign policy
Artificial_intelligence,Form factor (design)
Artificial_intelligence,Formal language
Artificial_intelligence,Formal logic
Artificial_intelligence,Formal methods
Artificial_intelligence,Forward chaining
Artificial_intelligence,Forward observers in the U.S. military
Artificial_intelligence,Foster-Miller
Artificial_intelligence,Foundationalism
Artificial_intelligence,Fox News
Artificial_intelligence,Frame (artificial intelligence)
Artificial_intelligence,Frame problem
Artificial_intelligence,"Framework Convention on Artificial Intelligence and Human Rights, Democracy and the Rule of Law"
Artificial_intelligence,Francis Bacon
Artificial_intelligence,Francis Heylighen
Artificial_intelligence,Francisco Varela
Artificial_intelligence,Frank Cameron Jackson
Artificial_intelligence,Frank Rosenblatt
Artificial_intelligence,Frank Wilczek
Artificial_intelligence,Frankenstein
Artificial_intelligence,Franz Brentano
Artificial_intelligence,François Chollet
Artificial_intelligence,Fred Dretske
Artificial_intelligence,Frederic Vester
Artificial_intelligence,Free will
Artificial_intelligence,Friendly artificial intelligence
Artificial_intelligence,Fukushima nuclear accident
Artificial_intelligence,Functional contextualism
Artificial_intelligence,Functionalism (philosophy of mind)
Artificial_intelligence,Future-oriented technology analysis
Artificial_intelligence,Future of Humanity Institute
Artificial_intelligence,Future of Life Institute
Artificial_intelligence,Fuzzy logic
Artificial_intelligence,G. E. M. Anscombe
Artificial_intelligence,GOFAI
Artificial_intelligence,GPT-1
Artificial_intelligence,GPT-2
Artificial_intelligence,GPT-3
Artificial_intelligence,GPT-4
Artificial_intelligence,GPT-4.1
Artificial_intelligence,GPT-4.5
Artificial_intelligence,GPT-4o
Artificial_intelligence,GPT-5
Artificial_intelligence,GPT-J
Artificial_intelligence,GPU
Artificial_intelligence,GPUs
Artificial_intelligence,GRE
Artificial_intelligence,Galileo Galilei
Artificial_intelligence,Game AI
Artificial_intelligence,Game theory
Artificial_intelligence,Game tree
Artificial_intelligence,Garbage collection (computer science)
Artificial_intelligence,Garry Kasparov
Artificial_intelligence,Gary Marcus
Artificial_intelligence,Gated recurrent unit
Artificial_intelligence,Gating mechanism
Artificial_intelligence,Gaussian adaptation
Artificial_intelligence,Gemini (chatbot)
Artificial_intelligence,Gemini (language model)
Artificial_intelligence,Gemma (language model)
Artificial_intelligence,Gene expression programming
Artificial_intelligence,General-purpose computing on graphics processing units
Artificial_intelligence,General-purpose programming language
Artificial_intelligence,General Data Protection Regulation
Artificial_intelligence,General game playing
Artificial_intelligence,Generative AI
Artificial_intelligence,Generative adversarial network
Artificial_intelligence,Generative artificial intelligence
Artificial_intelligence,Generative audio
Artificial_intelligence,Generative grammar
Artificial_intelligence,Generative model
Artificial_intelligence,Generative pre-trained transformer
Artificial_intelligence,Genetic algorithm
Artificial_intelligence,Genetic algorithms
Artificial_intelligence,Genetic and Evolutionary Computation Conference
Artificial_intelligence,Genetic operators
Artificial_intelligence,Genetic programming
Artificial_intelligence,Genevieve Bell
Artificial_intelligence,Geoffrey Hinton
Artificial_intelligence,Geoffrey Vickers
Artificial_intelligence,Geographic information system
Artificial_intelligence,Geography of robotics
Artificial_intelligence,George Berkeley
Artificial_intelligence,George Cybenko
Artificial_intelligence,George Dyson (science historian)
Artificial_intelligence,George Luger
Artificial_intelligence,Gilbert Ryle
Artificial_intelligence,"Gleick, James"
Artificial_intelligence,GloVe
Artificial_intelligence,Global Partnership on Artificial Intelligence
Artificial_intelligence,Global catastrophic risk
Artificial_intelligence,Glossary of Arabic toponyms
Artificial_intelligence,Glossary of Hebrew toponyms
Artificial_intelligence,Glossary of aerospace engineering
Artificial_intelligence,Glossary of agriculture
Artificial_intelligence,Glossary of archaeology
Artificial_intelligence,Glossary of architecture
Artificial_intelligence,Glossary of areas of mathematics
Artificial_intelligence,Glossary of artificial intelligence
Artificial_intelligence,Glossary of astronomy
Artificial_intelligence,Glossary of biology
Artificial_intelligence,Glossary of bird terms
Artificial_intelligence,Glossary of botanical terms
Artificial_intelligence,Glossary of calculus
Artificial_intelligence,Glossary of cell biology
Artificial_intelligence,Glossary of cellular and molecular biology (0–L)
Artificial_intelligence,Glossary of cellular and molecular biology (M–Z)
Artificial_intelligence,Glossary of chemistry terms
Artificial_intelligence,Glossary of civil engineering
Artificial_intelligence,Glossary of clinical research
Artificial_intelligence,Glossary of computer hardware terms
Artificial_intelligence,Glossary of computer science
Artificial_intelligence,Glossary of developmental biology
Artificial_intelligence,Glossary of ecology
Artificial_intelligence,Glossary of economics
Artificial_intelligence,Glossary of electrical and electronics engineering
Artificial_intelligence,Glossary of engineering: A–L
Artificial_intelligence,Glossary of engineering: M–Z
Artificial_intelligence,Glossary of entomology terms
Artificial_intelligence,Glossary of environmental science
Artificial_intelligence,Glossary of genetics and evolutionary biology
Artificial_intelligence,Glossary of geography terms (A–M)
Artificial_intelligence,Glossary of geography terms (N–Z)
Artificial_intelligence,Glossary of geology
Artificial_intelligence,Glossary of ichthyology
Artificial_intelligence,Glossary of machine vision
Artificial_intelligence,Glossary of mechanical engineering
Artificial_intelligence,Glossary of medicine
Artificial_intelligence,Glossary of meteorology
Artificial_intelligence,Glossary of mycology
Artificial_intelligence,Glossary of nanotechnology
Artificial_intelligence,Glossary of physics
Artificial_intelligence,Glossary of probability and statistics
Artificial_intelligence,Glossary of psychiatry
Artificial_intelligence,Glossary of quantum computing
Artificial_intelligence,Glossary of robotics
Artificial_intelligence,Glossary of scientific naming
Artificial_intelligence,Glossary of structural engineering
Artificial_intelligence,Glossary of virology
Artificial_intelligence,Go (game)
Artificial_intelligence,Go handicaps
Artificial_intelligence,Go player
Artificial_intelligence,Goldman Sachs
Artificial_intelligence,Google
Artificial_intelligence,Google Assistant
Artificial_intelligence,Google Cloud Platform
Artificial_intelligence,Google DeepMind
Artificial_intelligence,Google Gemini image generation controversy
Artificial_intelligence,Google Photos
Artificial_intelligence,Google Search
Artificial_intelligence,Google Translate
Artificial_intelligence,Gordon Moore
Artificial_intelligence,Gordon Pask
Artificial_intelligence,Gordon S. Brown
Artificial_intelligence,Gottfried Wilhelm Leibniz
Artificial_intelligence,Government
Artificial_intelligence,Government Accountability Office
Artificial_intelligence,Gradient descent
Artificial_intelligence,Gran Turismo (series)
Artificial_intelligence,Graph neural network
Artificial_intelligence,Graphics processing unit
Artificial_intelligence,Green computing
Artificial_intelligence,Greenhouse gas emissions
Artificial_intelligence,Greg Brockman
Artificial_intelligence,Gregory Bateson
Artificial_intelligence,Gregory Mone
Artificial_intelligence,Grok (chatbot)
Artificial_intelligence,Gynoid
Artificial_intelligence,HAL 9000
Artificial_intelligence,HD Hyundai Robotics
Artificial_intelligence,HP Newquist
Artificial_intelligence,Hallucination (artificial intelligence)
Artificial_intelligence,Handwriting recognition
Artificial_intelligence,Hans Moravec
Artificial_intelligence,Hans Reichenbach
Artificial_intelligence,Hard and soft science
Artificial_intelligence,Hard problem of consciousness
Artificial_intelligence,Hardware acceleration
Artificial_intelligence,Hardware for artificial intelligence
Artificial_intelligence,Hardware security
Artificial_intelligence,Harm
Artificial_intelligence,Harmony search
Artificial_intelligence,Harvest Automation
Artificial_intelligence,Hdl (identifier)
Artificial_intelligence,Health equity
Artificial_intelligence,Health informatics
Artificial_intelligence,Heat (1995 film)
Artificial_intelligence,Heinz von Foerster
Artificial_intelligence,Henri Bergson
Artificial_intelligence,Henri Poincaré
Artificial_intelligence,Henry J. Kelley
Artificial_intelligence,Henry Kissinger
Artificial_intelligence,Herbert A. Simon
Artificial_intelligence,Heuristic
Artificial_intelligence,Heuristics
Artificial_intelligence,Hexapod (robotics)
Artificial_intelligence,Hidden Markov model
Artificial_intelligence,Highway network
Artificial_intelligence,Hilary Putnam
Artificial_intelligence,Hippocratic Oath
Artificial_intelligence,Hippocratic oath
Artificial_intelligence,History and philosophy of science
Artificial_intelligence,History of artificial intelligence
Artificial_intelligence,History of robots
Artificial_intelligence,Holographic data storage
Artificial_intelligence,Homeostasis
Artificial_intelligence,Honeybee Robotics
Artificial_intelligence,Horizon scanning
Artificial_intelligence,Horn clause
Artificial_intelligence,Huang's law
Artificial_intelligence,Huawei PanGu
Artificial_intelligence,Hubert Dreyfus
Artificial_intelligence,Hugging Face
Artificial_intelligence,Human-based evolutionary computation
Artificial_intelligence,Human-centered computing
Artificial_intelligence,Human Compatible
Artificial_intelligence,Human brain
Artificial_intelligence,Human image synthesis
Artificial_intelligence,Human intelligence
Artificial_intelligence,Human rights
Artificial_intelligence,Humanity's Last Exam
Artificial_intelligence,Humanity+
Artificial_intelligence,Humanoid robot
Artificial_intelligence,Human–computer interaction
Artificial_intelligence,Human–robot interaction
Artificial_intelligence,Humberto Maturana
Artificial_intelligence,Huw Price
Artificial_intelligence,Hybrid intelligent system
Artificial_intelligence,Hyperparameter (machine learning)
Artificial_intelligence,Hypostatic abstraction
Artificial_intelligence,Hypothesis
Artificial_intelligence,Hypothetico-deductive model
Artificial_intelligence,I. A. Richards
Artificial_intelligence,I. J. Good
Artificial_intelligence,IBM
Artificial_intelligence,IBM 701
Artificial_intelligence,IBM Deep Blue
Artificial_intelligence,IBM Granite
Artificial_intelligence,IBM Watson
Artificial_intelligence,IBM Watsonx
Artificial_intelligence,IEEE Computational Intelligence Society
Artificial_intelligence,IEEE Congress on Evolutionary Computation
Artificial_intelligence,IEEE Transactions on Evolutionary Computation
Artificial_intelligence,IQ
Artificial_intelligence,IRobot
Artificial_intelligence,ISBN (identifier)
Artificial_intelligence,ISSN (identifier)
Artificial_intelligence,Ian Goodfellow
Artificial_intelligence,Ian Hacking
Artificial_intelligence,Idea
Artificial_intelligence,Identity (philosophy)
Artificial_intelligence,Ideogram (text-to-image model)
Artificial_intelligence,Ideologies
Artificial_intelligence,"If Anyone Builds It, Everyone Dies"
Artificial_intelligence,Ignoramus et ignorabimus
Artificial_intelligence,Igor Aleksander
Artificial_intelligence,Ilya Sutskever
Artificial_intelligence,ImageNet
Artificial_intelligence,Image classification
Artificial_intelligence,Image compression
Artificial_intelligence,Image labeling
Artificial_intelligence,Image processing
Artificial_intelligence,Imagen (text-to-image model)
Artificial_intelligence,Images
Artificial_intelligence,Imitation learning
Artificial_intelligence,Immanuel Kant
Artificial_intelligence,"Immerwahr, Daniel"
Artificial_intelligence,Imperfect information
Artificial_intelligence,Imre Lakatos
Artificial_intelligence,Index of robotics articles
Artificial_intelligence,Inductionism
Artificial_intelligence,Inductive reasoning
Artificial_intelligence,Industrial process control
Artificial_intelligence,Industrial robot
Artificial_intelligence,Industrial robotics
Artificial_intelligence,Inference rule
Artificial_intelligence,Inflation Reduction Act
Artificial_intelligence,Information and communications technology
Artificial_intelligence,Information extraction
Artificial_intelligence,Information privacy
Artificial_intelligence,Information processing (psychology)
Artificial_intelligence,Information retrieval
Artificial_intelligence,Information security
Artificial_intelligence,Information system
Artificial_intelligence,Information theory
Artificial_intelligence,Information value theory
Artificial_intelligence,Inheritance (object-oriented programming)
Artificial_intelligence,Inquiry
Artificial_intelligence,Institute for Ethics and Emerging Technologies
Artificial_intelligence,Institute of Electrical and Electronics Engineers
Artificial_intelligence,Instrumental convergence
Artificial_intelligence,Instrumentalism
Artificial_intelligence,Integrated circuit
Artificial_intelligence,Integrated development environment
Artificial_intelligence,Intel
Artificial_intelligence,Intelligence
Artificial_intelligence,Intelligence amplification
Artificial_intelligence,Intelligence explosion
Artificial_intelligence,Intelligent agent
Artificial_intelligence,Intelligent automation
Artificial_intelligence,Intentionality
Artificial_intelligence,Interaction design
Artificial_intelligence,Interactionism (philosophy of mind)
Artificial_intelligence,Interactive evolutionary computation
Artificial_intelligence,International Energy Agency
Artificial_intelligence,International Math Olympiad
Artificial_intelligence,Internet Encyclopedia of Philosophy
Artificial_intelligence,Internet of things
Artificial_intelligence,Internet traffic
Artificial_intelligence,Interpreter (computing)
Artificial_intelligence,Intertheoretic reduction
Artificial_intelligence,Intractability (complexity)
Artificial_intelligence,Intractable problem
Artificial_intelligence,Intractably
Artificial_intelligence,Introspection
Artificial_intelligence,Intrusion detection system
Artificial_intelligence,Intuition
Artificial_intelligence,Intuitive Surgical
Artificial_intelligence,Inverse reinforcement learning
Artificial_intelligence,Ipsos
Artificial_intelligence,Isaac Asimov
Artificial_intelligence,Isaac Newton
Artificial_intelligence,J. L. Austin
Artificial_intelligence,JSTOR (identifier)
Artificial_intelligence,Jaan Tallinn
Artificial_intelligence,Jacque Fresco
Artificial_intelligence,Jakob Johann von Uexküll
Artificial_intelligence,James Boyle (legal scholar)
Artificial_intelligence,James Gleick
Artificial_intelligence,James Goodnight
Artificial_intelligence,James Lighthill
Artificial_intelligence,Jan Leike
Artificial_intelligence,Jason Jixuan Hu
Artificial_intelligence,Jay Wright Forrester
Artificial_intelligence,Jennifer Wilby
Artificial_intelligence,Jensen Huang
Artificial_intelligence,Jeopardy!
Artificial_intelligence,Jerry Fodor
Artificial_intelligence,Jill Lepore
Artificial_intelligence,Jobpocalypse
Artificial_intelligence,John Grisham
Artificial_intelligence,John Haugeland
Artificial_intelligence,John Hopfield
Artificial_intelligence,John Joseph Hopfield
Artificial_intelligence,John Locke
Artificial_intelligence,John McCarthy (computer scientist)
Artificial_intelligence,John N. Warfield
Artificial_intelligence,John Schulman
Artificial_intelligence,John Searle
Artificial_intelligence,John von Neumann
Artificial_intelligence,Jon Kleinberg
Artificial_intelligence,Jonathan Franzen
Artificial_intelligence,Joseph Weizenbaum
Artificial_intelligence,Journal of Consciousness Studies
Artificial_intelligence,Judea Pearl
Artificial_intelligence,Juggling robot
Artificial_intelligence,Julia Angwin
Artificial_intelligence,Jürgen Schmidhuber
Artificial_intelligence,K-nearest neighbor
Artificial_intelligence,K. Eric Drexler
Artificial_intelligence,KUKA
Artificial_intelligence,Kalman filter
Artificial_intelligence,Kaoru Nakano
Artificial_intelligence,Karel Čapek
Artificial_intelligence,Karl Pearson
Artificial_intelligence,Karl Popper
Artificial_intelligence,Karl Steinbuch
Artificial_intelligence,Ken Jennings
Artificial_intelligence,Kenneth Cukier
Artificial_intelligence,Kernel (image processing)
Artificial_intelligence,Kernel methods
Artificial_intelligence,Kevin Warwick
Artificial_intelligence,Kismet (robot)
Artificial_intelligence,Kling AI (company)
Artificial_intelligence,Knowledge acquisition
Artificial_intelligence,Knowledge base
Artificial_intelligence,Knowledge engineering
Artificial_intelligence,Knowledge representation
Artificial_intelligence,Knowledge representation and reasoning
Artificial_intelligence,Kunihiko Fukushima
Artificial_intelligence,LCCN (identifier)
Artificial_intelligence,LLaMA
Artificial_intelligence,LaMDA
Artificial_intelligence,Land mines
Artificial_intelligence,Language
Artificial_intelligence,Language model
Artificial_intelligence,Language of thought hypothesis
Artificial_intelligence,Large language model
Artificial_intelligence,Larry Laudan
Artificial_intelligence,Latent diffusion model
Artificial_intelligence,Latent variables
Artificial_intelligence,Law
Artificial_intelligence,Laws of robotics
Artificial_intelligence,Leaf nodes
Artificial_intelligence,Lean (proof assistant)
Artificial_intelligence,Learning
Artificial_intelligence,Learning classifier system
Artificial_intelligence,Lee Sedol
Artificial_intelligence,Legged robot
Artificial_intelligence,Lethal autonomous weapon
Artificial_intelligence,Leverhulme Centre for the Future of Intelligence
Artificial_intelligence,Lexical analysis
Artificial_intelligence,Library (computing)
Artificial_intelligence,Lidar
Artificial_intelligence,Lighthill report
Artificial_intelligence,Linear
Artificial_intelligence,Linguistics
Artificial_intelligence,Lisp (programming language)
Artificial_intelligence,Lisp Machine
Artificial_intelligence,List of artificial intelligence companies
Artificial_intelligence,List of artificial intelligence journals
Artificial_intelligence,List of artificial intelligence projects
Artificial_intelligence,List of computer books
Artificial_intelligence,List of computer size categories
Artificial_intelligence,List of datasets for machine-learning research
Artificial_intelligence,List of emerging technologies
Artificial_intelligence,List of fictional robots and androids
Artificial_intelligence,List of philosophers of mind
Artificial_intelligence,List of philosophers of science
Artificial_intelligence,List of robotics companies
Artificial_intelligence,Lists of open-source artificial intelligence software
Artificial_intelligence,Llama (language model)
Artificial_intelligence,Local search (optimization)
Artificial_intelligence,Logic
Artificial_intelligence,Logic Theorist
Artificial_intelligence,Logic in computer science
Artificial_intelligence,Logic programming
Artificial_intelligence,Logical connective
Artificial_intelligence,Logical consequence
Artificial_intelligence,Logical inference
Artificial_intelligence,Logical proof
Artificial_intelligence,London Review of Books
Artificial_intelligence,Long short-term memory
Artificial_intelligence,Longtermism
Artificial_intelligence,Loss function
Artificial_intelligence,Loss functions for classification
Artificial_intelligence,Lotfi A. Zadeh
Artificial_intelligence,Ludwig Wittgenstein
Artificial_intelligence,Ludwig von Bertalanffy
Artificial_intelligence,MIT Press
Artificial_intelligence,MIT Technology Review
Artificial_intelligence,Machine Intelligence Research Institute
Artificial_intelligence,Machine Learning (journal)
Artificial_intelligence,Machine ethics
Artificial_intelligence,Machine learning
Artificial_intelligence,Machine learning in bioinformatics
Artificial_intelligence,Machine learning in earth sciences
Artificial_intelligence,Machine learning in physics
Artificial_intelligence,Machine perception
Artificial_intelligence,Machine translation
Artificial_intelligence,Machine vision
Artificial_intelligence,Madhumita Murgia
Artificial_intelligence,Magnetoresistive RAM
Artificial_intelligence,Maleyka Abbaszadeh
Artificial_intelligence,Malpractice
Artificial_intelligence,Mamba (deep learning architecture)
Artificial_intelligence,Management cybernetics
Artificial_intelligence,Manfred Clynes
Artificial_intelligence,Mansfield Amendment
Artificial_intelligence,"Marcus, Gary"
Artificial_intelligence,Margaret Boden
Artificial_intelligence,Margaret Masterman
Artificial_intelligence,Margaret Mead
Artificial_intelligence,Marian Mazur
Artificial_intelligence,Market (economics)
Artificial_intelligence,Marketing and artificial intelligence
Artificial_intelligence,Markov decision process
Artificial_intelligence,Martin Heidegger
Artificial_intelligence,Martin Rees
Artificial_intelligence,Marvin Minsky
Artificial_intelligence,Mary Shelley
Artificial_intelligence,Mass surveillance
Artificial_intelligence,Mathematical analysis
Artificial_intelligence,Mathematical optimization
Artificial_intelligence,Mathematical software
Artificial_intelligence,Mating pool
Artificial_intelligence,Matteo Pasquinelli
Artificial_intelligence,Maurice Merleau-Ponty
Artificial_intelligence,Max Planck Institute for Intelligent Systems
Artificial_intelligence,Max Tegmark
Artificial_intelligence,McCarthy 91 function
Artificial_intelligence,McCarthy Formalism
Artificial_intelligence,Means-ends analysis
Artificial_intelligence,Measurement
Artificial_intelligence,Mechanism design
Artificial_intelligence,Medical cybernetics
Artificial_intelligence,Medical license
Artificial_intelligence,Medical research
Artificial_intelligence,Medical robot
Artificial_intelligence,Medicine
Artificial_intelligence,Memetic algorithm
Artificial_intelligence,Mental event
Artificial_intelligence,Mental image
Artificial_intelligence,Mental objects
Artificial_intelligence,Mental representation
Artificial_intelligence,Mental state
Artificial_intelligence,Meta AI
Artificial_intelligence,Meta Platforms
Artificial_intelligence,Metaheuristic
Artificial_intelligence,Metaphysics
Artificial_intelligence,Michael Polanyi
Artificial_intelligence,Michael Tye (philosopher)
Artificial_intelligence,Microbotics
Artificial_intelligence,Microelectronics and Computer Technology Corporation
Artificial_intelligence,Microscopy
Artificial_intelligence,Microsoft
Artificial_intelligence,Microsoft Copilot
Artificial_intelligence,Microsoft Translator
Artificial_intelligence,Middleware
Artificial_intelligence,Midjourney
Artificial_intelligence,Military applications of artificial intelligence
Artificial_intelligence,Military robot
Artificial_intelligence,Mill's Methods
Artificial_intelligence,Millipede memory
Artificial_intelligence,Mind
Artificial_intelligence,Mind (journal)
Artificial_intelligence,Mind uploading
Artificial_intelligence,Mind–body dualism
Artificial_intelligence,Mind–body problem
Artificial_intelligence,MiniMax (company)
Artificial_intelligence,Misinformation
Artificial_intelligence,Mistral AI
Artificial_intelligence,Mobile computing
Artificial_intelligence,Mobile robot
Artificial_intelligence,Mobile translation
Artificial_intelligence,Modal logic
Artificial_intelligence,Modality (human–computer interaction)
Artificial_intelligence,Model-dependent realism
Artificial_intelligence,Model Context Protocol
Artificial_intelligence,Model of computation
Artificial_intelligence,Modeling language
Artificial_intelligence,Money
Artificial_intelligence,Monte Carlo tree search
Artificial_intelligence,Moore's Law
Artificial_intelligence,Moore's law
Artificial_intelligence,Moral blindness
Artificial_intelligence,Moravec's paradox
Artificial_intelligence,Motion capture
Artificial_intelligence,Motion planning
Artificial_intelligence,Motivation
Artificial_intelligence,MuZero
Artificial_intelligence,Multi-task learning
Artificial_intelligence,Multilayer perceptron
Artificial_intelligence,Multimedia database
Artificial_intelligence,Multimodal learning
Artificial_intelligence,Multimodal sentiment analysis
Artificial_intelligence,Multiprocessing
Artificial_intelligence,Multitask learning
Artificial_intelligence,Multithreading (computer architecture)
Artificial_intelligence,Multivac
Artificial_intelligence,Munmun De Choudhury
Artificial_intelligence,Murder
Artificial_intelligence,Music and artificial intelligence
Artificial_intelligence,Mustafa Suleyman
Artificial_intelligence,N. Katherine Hayles
Artificial_intelligence,Naive Bayes classifier
Artificial_intelligence,Nano-RAM
Artificial_intelligence,Nanorobotics
Artificial_intelligence,Narrow AI
Artificial_intelligence,Natalia Bekhtereva
Artificial_intelligence,Nathan Rochester
Artificial_intelligence,Nathaniel Rochester (computer scientist)
Artificial_intelligence,Natural-language processing
Artificial_intelligence,Natural evolution strategy
Artificial_intelligence,Natural language processing
Artificial_intelligence,Naturalism (philosophy)
Artificial_intelligence,Nature (philosophy)
Artificial_intelligence,Naïve realism
Artificial_intelligence,Neats and scruffies
Artificial_intelligence,Neats vs. scruffies
Artificial_intelligence,Necessary evil
Artificial_intelligence,Necrobotics
Artificial_intelligence,Ned Block
Artificial_intelligence,Negation as failure
Artificial_intelligence,Netflix
Artificial_intelligence,Network architecture
Artificial_intelligence,Network performance
Artificial_intelligence,Network scheduler
Artificial_intelligence,Network security
Artificial_intelligence,Network service
Artificial_intelligence,Networking hardware
Artificial_intelligence,Neural Turing machine
Artificial_intelligence,Neural machine translation
Artificial_intelligence,Neural network (machine learning)
Artificial_intelligence,Neural networks
Artificial_intelligence,Neuro-symbolic AI
Artificial_intelligence,Neurobiology
Artificial_intelligence,Neuroethics
Artificial_intelligence,Neuroevolution
Artificial_intelligence,Neuron
Artificial_intelligence,Neurons
Artificial_intelligence,Neurophenomenology
Artificial_intelligence,Neuroscience
Artificial_intelligence,Neutral monism
Artificial_intelligence,New mysterianism
Artificial_intelligence,Nick Bostrom
Artificial_intelligence,Niklas Luhmann
Artificial_intelligence,Nils John Nilsson
Artificial_intelligence,Nils Nilsson (researcher)
Artificial_intelligence,No free lunch in search and optimization
Artificial_intelligence,Noam Chomsky
Artificial_intelligence,Noam Shazeer
Artificial_intelligence,Non-monotonic logic
Artificial_intelligence,Non-science
Artificial_intelligence,Nondualism
Artificial_intelligence,Nonparametric statistics
Artificial_intelligence,Norbert Wiener
Artificial_intelligence,Normalization (machine learning)
Artificial_intelligence,Normative science
Artificial_intelligence,Norvig
Artificial_intelligence,Nouvelle AI
Artificial_intelligence,Nuclear Regulatory Commission
Artificial_intelligence,Nuclear power phase-out
Artificial_intelligence,Null hypothesis
Artificial_intelligence,Numerical analysis
Artificial_intelligence,Nvidia
Artificial_intelligence,OCLC (identifier)
Artificial_intelligence,Object recognition
Artificial_intelligence,Objectivity (philosophy)
Artificial_intelligence,Observation
Artificial_intelligence,Occasionalism
Artificial_intelligence,Oikonyms in Western and South Asia
Artificial_intelligence,Old Faithful
Artificial_intelligence,Oliver Selfridge
Artificial_intelligence,Online gender-based violence
Artificial_intelligence,Ontology (information science)
Artificial_intelligence,Open-source artificial intelligence
Artificial_intelligence,Open-source robotics
Artificial_intelligence,Open-source software
Artificial_intelligence,Open-world
Artificial_intelligence,OpenAI
Artificial_intelligence,OpenAI Five
Artificial_intelligence,OpenAI o1
Artificial_intelligence,OpenAI o3
Artificial_intelligence,OpenAI o4-mini
Artificial_intelligence,Open letter on artificial intelligence (2015)
Artificial_intelligence,Operating system
Artificial_intelligence,Operations research
Artificial_intelligence,Optical character recognition
Artificial_intelligence,Optical computing
Artificial_intelligence,Optical disc
Artificial_intelligence,Optimization
Artificial_intelligence,Organoid
Artificial_intelligence,Organoid intelligence
Artificial_intelligence,Oriol Vinyals
Artificial_intelligence,Otto Neurath
Artificial_intelligence,Our Final Invention
Artificial_intelligence,Outline of computer science
Artificial_intelligence,Outline of robotics
Artificial_intelligence,Overfitting
Artificial_intelligence,PMC (identifier)
Artificial_intelligence,PMID (identifier)
Artificial_intelligence,PaLM
Artificial_intelligence,Pain (philosophy)
Artificial_intelligence,Palisades Nuclear Generating Station
Artificial_intelligence,Pamela McCorduck
Artificial_intelligence,Papert
Artificial_intelligence,Paradigm
Artificial_intelligence,Paralegal
Artificial_intelligence,Parallel Problem Solving from Nature
Artificial_intelligence,Parallel computing
Artificial_intelligence,Parameter
Artificial_intelligence,Parkinson's disease
Artificial_intelligence,Particle swarm optimization
Artificial_intelligence,Partisan (politics)
Artificial_intelligence,Patricia Churchland
Artificial_intelligence,Patrick Winston
Artificial_intelligence,Pattern matching
Artificial_intelligence,Pattern recognition
Artificial_intelligence,Paul Christiano (researcher)
Artificial_intelligence,Paul Churchland
Artificial_intelligence,Paul Feyerabend
Artificial_intelligence,Paul Harmon (management author)
Artificial_intelligence,Paul Werbos
Artificial_intelligence,Pause Giant AI Experiments: An Open Letter
Artificial_intelligence,Pedro Domingos
Artificial_intelligence,Perception
Artificial_intelligence,Perceptron
Artificial_intelligence,Perceptual robotics
Artificial_intelligence,Peripheral
Artificial_intelligence,Peter Cathcart Wason
Artificial_intelligence,Peter Norvig
Artificial_intelligence,Petro Grigorenko
Artificial_intelligence,Phase-change memory
Artificial_intelligence,Phenomenalism
Artificial_intelligence,Phenomenology (philosophy)
Artificial_intelligence,Philip K. Dick
Artificial_intelligence,Philosophical analysis
Artificial_intelligence,Philosophical zombie
Artificial_intelligence,Philosophy
Artificial_intelligence,Philosophy of archaeology
Artificial_intelligence,Philosophy of artificial intelligence
Artificial_intelligence,Philosophy of biology
Artificial_intelligence,Philosophy of chemistry
Artificial_intelligence,Philosophy of economics
Artificial_intelligence,Philosophy of geography
Artificial_intelligence,Philosophy of history
Artificial_intelligence,Philosophy of information
Artificial_intelligence,Philosophy of linguistics
Artificial_intelligence,Philosophy of mind
Artificial_intelligence,Philosophy of perception
Artificial_intelligence,Philosophy of physics
Artificial_intelligence,Philosophy of psychology
Artificial_intelligence,Philosophy of science
Artificial_intelligence,Philosophy of self
Artificial_intelligence,Philosophy of social science
Artificial_intelligence,Philosophy of space and time
Artificial_intelligence,Photograph manipulation
Artificial_intelligence,Photos (Apple)
Artificial_intelligence,Physical symbol systems hypothesis
Artificial_intelligence,Physicalism
Artificial_intelligence,Pierre Duhem
Artificial_intelligence,Pigeon
Artificial_intelligence,Plagiarism
Artificial_intelligence,Plato
Artificial_intelligence,Pluribus (poker bot)
Artificial_intelligence,Poker
Artificial_intelligence,Policing
Artificial_intelligence,Policy gradient method
Artificial_intelligence,Policy iteration
Artificial_intelligence,Positivism
Artificial_intelligence,Powered exoskeleton
Artificial_intelligence,Pragmatism
Artificial_intelligence,Predicate logic
Artificial_intelligence,Prediction
Artificial_intelligence,Predictive analytics
Artificial_intelligence,Premature convergence
Artificial_intelligence,Premise
Artificial_intelligence,Primum non nocere
Artificial_intelligence,Printed circuit board
Artificial_intelligence,Privacy
Artificial_intelligence,ProPublica
Artificial_intelligence,Proactionary principle
Artificial_intelligence,Probability
Artificial_intelligence,Problem of induction
Artificial_intelligence,Problem of other minds
Artificial_intelligence,Problem solving
Artificial_intelligence,Processor (computing)
Artificial_intelligence,Product liability
Artificial_intelligence,Productivity
Artificial_intelligence,Program synthesis
Artificial_intelligence,Programmable metallization cell
Artificial_intelligence,Programming language
Artificial_intelligence,Programming language theory
Artificial_intelligence,Programming languages for artificial intelligence
Artificial_intelligence,Programming paradigm
Artificial_intelligence,Programming team
Artificial_intelligence,Programming tool
Artificial_intelligence,Progress in artificial intelligence
Artificial_intelligence,Project Debater
Artificial_intelligence,Prolog
Artificial_intelligence,Prompt (natural language)
Artificial_intelligence,Prompt engineering
Artificial_intelligence,Proof of personhood
Artificial_intelligence,Propaganda
Artificial_intelligence,Property dualism
Artificial_intelligence,Propositional attitude
Artificial_intelligence,Propositional logic
Artificial_intelligence,Protein structure
Artificial_intelligence,Protoscience
Artificial_intelligence,Pseudoscience
Artificial_intelligence,Psychology
Artificial_intelligence,Psychophysical parallelism
Artificial_intelligence,Public housing
Artificial_intelligence,Python (programming language)
Artificial_intelligence,Q-learning
Artificial_intelligence,Qian Xuesen
Artificial_intelligence,Qualia
Artificial_intelligence,Qualification problem
Artificial_intelligence,Quantifier (logic)
Artificial_intelligence,Quantum computing
Artificial_intelligence,Quartz (publication)
Artificial_intelligence,Quasi-Newton method
Artificial_intelligence,Question answering
Artificial_intelligence,Question answering system
Artificial_intelligence,Questionable cause
Artificial_intelligence,Quiz show
Artificial_intelligence,Quoc V. Le
Artificial_intelligence,Qwen
Artificial_intelligence,R.U.R.
Artificial_intelligence,Racetrack memory
Artificial_intelligence,Radio-frequency identification
Artificial_intelligence,Rainbow Robotics
Artificial_intelligence,Random variate
Artificial_intelligence,Randomized algorithm
Artificial_intelligence,Randy Goebel
Artificial_intelligence,Ranulph Glanville
Artificial_intelligence,Rational agent
Artificial_intelligence,Rationalism
Artificial_intelligence,Ray Kurzweil
Artificial_intelligence,Ray Solomonoff
Artificial_intelligence,Real-time computing
Artificial_intelligence,Real world evidence
Artificial_intelligence,Reason
Artificial_intelligence,Reasoning language model
Artificial_intelligence,Rebound effect (conservation)
Artificial_intelligence,Received view of theories
Artificial_intelligence,Recidivist
Artificial_intelligence,Recommendation systems
Artificial_intelligence,Recommender system
Artificial_intelligence,Recraft
Artificial_intelligence,Recruitment
Artificial_intelligence,Rectifier (neural networks)
Artificial_intelligence,Recurrent neural network
Artificial_intelligence,Recursive self-improvement
Artificial_intelligence,Redistribution of income and wealth
Artificial_intelligence,Reductionism
Artificial_intelligence,Reflection (artificial intelligence)
Artificial_intelligence,Regression analysis
Artificial_intelligence,Regularization (mathematics)
Artificial_intelligence,Regulation of algorithms
Artificial_intelligence,Regulation of artificial intelligence
Artificial_intelligence,Reinforcement learning
Artificial_intelligence,Reinforcement learning from human feedback
Artificial_intelligence,Relationship between religion and science
Artificial_intelligence,Remotely operated underwater vehicle
Artificial_intelligence,Removal of Sam Altman from OpenAI
Artificial_intelligence,Rendering (computer graphics)
Artificial_intelligence,René Descartes
Artificial_intelligence,Replika
Artificial_intelligence,Requirements analysis
Artificial_intelligence,Residual neural network
Artificial_intelligence,Resistive random-access memory
Artificial_intelligence,Resolution (logic)
Artificial_intelligence,Retrieval-augmented generation
Artificial_intelligence,Reuters
Artificial_intelligence,Rhetoric of science
Artificial_intelligence,Richard Rorty
Artificial_intelligence,Riffusion
Artificial_intelligence,Right to explanation
Artificial_intelligence,Right to privacy
Artificial_intelligence,Right to reality
Artificial_intelligence,Risk of astronomical suffering
Artificial_intelligence,Robert Ettinger
Artificial_intelligence,Robert Trappl
Artificial_intelligence,Robopocalypse
Artificial_intelligence,Robot
Artificial_intelligence,Robot Hall of Fame
Artificial_intelligence,Robot competition
Artificial_intelligence,Robot control
Artificial_intelligence,Robot ethics
Artificial_intelligence,Robot kit
Artificial_intelligence,Robot locomotion
Artificial_intelligence,Robot rights
Artificial_intelligence,Robot software
Artificial_intelligence,Robotic arm
Artificial_intelligence,Robotic fin
Artificial_intelligence,Robotic fish
Artificial_intelligence,Robotic mapping
Artificial_intelligence,Robotic navigation
Artificial_intelligence,Robotic paradigm
Artificial_intelligence,Robotic perception
Artificial_intelligence,Robotic process automation
Artificial_intelligence,Robotic spacecraft
Artificial_intelligence,Robotic tech vest
Artificial_intelligence,Robotics
Artificial_intelligence,Robotics simulator
Artificial_intelligence,Robotics suite
Artificial_intelligence,Robots.txt
Artificial_intelligence,Rodney Brooks
Artificial_intelligence,Roger Bacon
Artificial_intelligence,Roger David Joseph
Artificial_intelligence,Rogue states
Artificial_intelligence,Roko's basilisk
Artificial_intelligence,Roman Yampolskiy
Artificial_intelligence,Rudolf Carnap
Artificial_intelligence,Rudolf Steiner
Artificial_intelligence,Ruler
Artificial_intelligence,Runway (company)
Artificial_intelligence,S-shaped curve
Artificial_intelligence,S2CID (identifier)
Artificial_intelligence,SAT
Artificial_intelligence,SHRDLU
Artificial_intelligence,SONOS
Artificial_intelligence,SSRN (identifier)
Artificial_intelligence,STUDENT
Artificial_intelligence,Safe Superintelligence Inc.
Artificial_intelligence,Sam Altman
Artificial_intelligence,Sam Harris
Artificial_intelligence,Sample complexity
Artificial_intelligence,Samuel Butler (novelist)
Artificial_intelligence,Sapience
Artificial_intelligence,Science
Artificial_intelligence,Science fiction
Artificial_intelligence,Science studies
Artificial_intelligence,Scientific American
Artificial_intelligence,Scientific Revolution
Artificial_intelligence,Scientific essentialism
Artificial_intelligence,Scientific evidence
Artificial_intelligence,Scientific formalism
Artificial_intelligence,Scientific law
Artificial_intelligence,Scientific method
Artificial_intelligence,Scientific pluralism
Artificial_intelligence,Scientific realism
Artificial_intelligence,Scientific skepticism
Artificial_intelligence,Scientific theory
Artificial_intelligence,Scientism
Artificial_intelligence,Scripts (artificial intelligence)
Artificial_intelligence,Search algorithm
Artificial_intelligence,Search engines
Artificial_intelligence,Second-order cybernetics
Artificial_intelligence,Section 230
Artificial_intelligence,Security hacker
Artificial_intelligence,Security service (telecommunication)
Artificial_intelligence,Self-awareness
Artificial_intelligence,Self-driving car
Artificial_intelligence,Self-driving cars
Artificial_intelligence,Self-supervised learning
Artificial_intelligence,Semantic Web
Artificial_intelligence,Semantic network
Artificial_intelligence,Semantic view of theories
Artificial_intelligence,Semantics (computer science)
Artificial_intelligence,Sentience
Artificial_intelligence,Sentient AI
Artificial_intelligence,Sentiment analysis
Artificial_intelligence,Seppo Linnainmaa
Artificial_intelligence,Seq2seq
Artificial_intelligence,Sergei P. Kurdyumov
Artificial_intelligence,Service robot
Artificial_intelligence,Sexual grooming
Artificial_intelligence,Seymour Papert
Artificial_intelligence,Shane Legg
Artificial_intelligence,Short-circuit evaluation
Artificial_intelligence,Shun'ichi Amari
Artificial_intelligence,Shun-Ichi Amari
Artificial_intelligence,Sigmoid function
Artificial_intelligence,Simultaneous localization and mapping
Artificial_intelligence,Singapore
Artificial_intelligence,Sir James Lighthill
Artificial_intelligence,Siri
Artificial_intelligence,Situated robotics
Artificial_intelligence,Situation calculus
Artificial_intelligence,Slate Star Codex
Artificial_intelligence,Slavery
Artificial_intelligence,Social computing
Artificial_intelligence,Social software
Artificial_intelligence,Sociocybernetics
Artificial_intelligence,Sociology of scientific ignorance
Artificial_intelligence,Sociology of scientific knowledge
Artificial_intelligence,Soft computing
Artificial_intelligence,Soft robotics
Artificial_intelligence,Softmax function
Artificial_intelligence,Software
Artificial_intelligence,Software-defined radio
Artificial_intelligence,Software configuration management
Artificial_intelligence,Software construction
Artificial_intelligence,Software deployment
Artificial_intelligence,Software design
Artificial_intelligence,Software development
Artificial_intelligence,Software development process
Artificial_intelligence,Software engineering
Artificial_intelligence,Software framework
Artificial_intelligence,Software maintenance
Artificial_intelligence,Software quality
Artificial_intelligence,Software repository
Artificial_intelligence,Solid modeling
Artificial_intelligence,Solipsism
Artificial_intelligence,Sora (text-to-video model)
Artificial_intelligence,Space fountain
Artificial_intelligence,Space probe
Artificial_intelligence,Speaker recognition
Artificial_intelligence,Speech recognition
Artificial_intelligence,Speech synthesis
Artificial_intelligence,Spyware
Artificial_intelligence,Stable Diffusion
Artificial_intelligence,Stafford Beer
Artificial_intelligence,Stanford
Artificial_intelligence,StarCraft II
Artificial_intelligence,Starship Technologies
Artificial_intelligence,Startup company
Artificial_intelligence,State space search
Artificial_intelligence,Statement on AI Risk
Artificial_intelligence,Statement on AI risk of extinction
Artificial_intelligence,State–action–reward–state–action
Artificial_intelligence,Statistical classification
Artificial_intelligence,Statistics
Artificial_intelligence,Stephen Grossberg
Artificial_intelligence,Stephen Hawking
Artificial_intelligence,Stephen Yablo
Artificial_intelligence,Stereotype
Artificial_intelligence,Steve Omohundro
Artificial_intelligence,Steven Pinker
Artificial_intelligence,Stochastic computing
Artificial_intelligence,Stochastic gradient descent
Artificial_intelligence,Stochastic parrot
Artificial_intelligence,Strategic Computing Initiative
Artificial_intelligence,Strategy game
Artificial_intelligence,Street art in Tel Aviv
Artificial_intelligence,Strong AI hypothesis
Artificial_intelligence,Structuralism (philosophy of science)
Artificial_intelligence,Stuart Dreyfus
Artificial_intelligence,Stuart J. Russell
Artificial_intelligence,Stuart Kauffman
Artificial_intelligence,Stuart Umpleby
Artificial_intelligence,Sub-symbolic
Artificial_intelligence,Subjective experience
Artificial_intelligence,Substance dualism
Artificial_intelligence,Suffering risks
Artificial_intelligence,Sui generis
Artificial_intelligence,Suno AI
Artificial_intelligence,Superintelligence
Artificial_intelligence,"Superintelligence: Paths, Dangers, Strategies"
Artificial_intelligence,Supervised learning
Artificial_intelligence,Support vector machine
Artificial_intelligence,Support vector machines
Artificial_intelligence,Surveillance
Artificial_intelligence,Susquehanna Steam Electric Station
Artificial_intelligence,Swarm intelligence
Artificial_intelligence,Swarm robotics
Artificial_intelligence,Symbolic AI
Artificial_intelligence,Symbolic artificial intelligence
Artificial_intelligence,Symbolic programming
Artificial_intelligence,Symbotic
Artificial_intelligence,Synergetics (Haken)
Artificial_intelligence,Synthetic intelligence
Artificial_intelligence,System on a chip
Artificial_intelligence,T5 (language model)
Artificial_intelligence,TED (conference)
Artificial_intelligence,Tabula rasa
Artificial_intelligence,Tactile sensor
Artificial_intelligence,Taiwan
Artificial_intelligence,Takeo Kanade
Artificial_intelligence,Talcott Parsons
Artificial_intelligence,Talen Energy
Artificial_intelligence,"Taoyuan, Taiwan"
Artificial_intelligence,Tara Sainath
Artificial_intelligence,Target acquisition
Artificial_intelligence,Targeted advertising
Artificial_intelligence,Tay (chatbot)
Artificial_intelligence,Taylor Swift deepfake pornography controversy
Artificial_intelligence,Tech company
Artificial_intelligence,Technocracy
Artificial_intelligence,Technological change
Artificial_intelligence,Technological convergence
Artificial_intelligence,Technological evolution
Artificial_intelligence,Technological paradigm
Artificial_intelligence,Technological singularity
Artificial_intelligence,Technological unemployment
Artificial_intelligence,Technology forecasting
Artificial_intelligence,Technology in science fiction
Artificial_intelligence,Technology readiness level
Artificial_intelligence,Technology roadmap
Artificial_intelligence,Technology scouting
Artificial_intelligence,Teledildonics
Artificial_intelligence,Telerobotics
Artificial_intelligence,Temporary worker
Artificial_intelligence,TensorFlow
Artificial_intelligence,Terrainability
Artificial_intelligence,Terrorist
Artificial_intelligence,Terry Winograd
Artificial_intelligence,Testability
Artificial_intelligence,Text-to-image
Artificial_intelligence,Text-to-image model
Artificial_intelligence,Text-to-video
Artificial_intelligence,Text-to-video model
Artificial_intelligence,The Alignment Problem
Artificial_intelligence,The Atlantic
Artificial_intelligence,The Day the Earth Stood Still
Artificial_intelligence,The Diplomat (magazine)
Artificial_intelligence,The Economist
Artificial_intelligence,The Guardian
Artificial_intelligence,The Guardian Weekly
Artificial_intelligence,The Language Instinct
Artificial_intelligence,The Last Day (novel)
Artificial_intelligence,The Matrix
Artificial_intelligence,The New York Review of Books
Artificial_intelligence,The New York Times
Artificial_intelligence,The New Yorker
Artificial_intelligence,The Precipice: Existential Risk and the Future of Humanity
Artificial_intelligence,The Press
Artificial_intelligence,The Singularity is Near
Artificial_intelligence,The Society of Mind
Artificial_intelligence,The Terminator
Artificial_intelligence,The Wall Street Journal
Artificial_intelligence,The Week
Artificial_intelligence,Theorem
Artificial_intelligence,Theoretical computer science
Artificial_intelligence,Theory
Artificial_intelligence,Theory-ladenness
Artificial_intelligence,Theory choice
Artificial_intelligence,Theory of computation
Artificial_intelligence,Theory of mind
Artificial_intelligence,Thesauri
Artificial_intelligence,Thomas Aquinas
Artificial_intelligence,Thomas Kuhn
Artificial_intelligence,Thomas Nagel
Artificial_intelligence,Three-dimensional integrated circuit
Artificial_intelligence,Three Laws of Robotics
Artificial_intelligence,Three Mile Island
Artificial_intelligence,Théâtre D'opéra Spatial
Artificial_intelligence,TikTok
Artificial_intelligence,Time (magazine)
Artificial_intelligence,Timeline of artificial intelligence
Artificial_intelligence,Tissue engineering
Artificial_intelligence,Topological deep learning
Artificial_intelligence,Topology
Artificial_intelligence,"Training, validation, and test data sets"
Artificial_intelligence,Training data
Artificial_intelligence,Transfer learning
Artificial_intelligence,Transformer (deep learning architecture)
Artificial_intelligence,Transformer (machine learning model)
Artificial_intelligence,Transformer architecture
Artificial_intelligence,Transhumanism
Artificial_intelligence,Transparency (behavior)
Artificial_intelligence,Tree structure
Artificial_intelligence,Trope (literature)
Artificial_intelligence,Turing complete
Artificial_intelligence,Turing test
Artificial_intelligence,Tyler Burge
Artificial_intelligence,Type physicalism
Artificial_intelligence,U.S. court
Artificial_intelligence,Ubiquitous computing
Artificial_intelligence,Ubiquitous robot
Artificial_intelligence,Udio
Artificial_intelligence,Ulla Mitzdorf
Artificial_intelligence,UltraRAM
Artificial_intelligence,Uncanny valley
Artificial_intelligence,Uncertainty
Artificial_intelligence,Undecidable problem
Artificial_intelligence,Underdetermination
Artificial_intelligence,Understanding
Artificial_intelligence,Unemployment
Artificial_intelligence,Unethical
Artificial_intelligence,Unification (computer science)
Artificial_intelligence,Uniformitarianism
Artificial_intelligence,Uninformed search
Artificial_intelligence,United Nations
Artificial_intelligence,United States
Artificial_intelligence,United States National Research Council
Artificial_intelligence,Unity of science
Artificial_intelligence,Universal Robotics
Artificial_intelligence,Universal approximation theorem
Artificial_intelligence,University of Chicago
Artificial_intelligence,Unmanned aerial vehicle
Artificial_intelligence,Unmanned ground vehicle
Artificial_intelligence,Unmanned vehicle
Artificial_intelligence,Unsupervised learning
Artificial_intelligence,Utility
Artificial_intelligence,Valentin Lapa
Artificial_intelligence,Valentin Turchin
Artificial_intelligence,Valentino Braitenberg
Artificial_intelligence,Vanishing gradient problem
Artificial_intelligence,Variable and attribute (research)
Artificial_intelligence,Variational autoencoder
Artificial_intelligence,Vasubandhu
Artificial_intelligence,Vector space
Artificial_intelligence,Vehicular automation
Artificial_intelligence,Veo (text-to-video model)
Artificial_intelligence,Verificationism
Artificial_intelligence,Verity Harding
Artificial_intelligence,Vernor Vinge
Artificial_intelligence,Very-large-scale integration
Artificial_intelligence,Vibe coding
Artificial_intelligence,Video game
Artificial_intelligence,Video game console
Artificial_intelligence,Videos
Artificial_intelligence,Vincent van Gogh
Artificial_intelligence,Virtual assistant
Artificial_intelligence,Virtual intelligence
Artificial_intelligence,Virtual machine
Artificial_intelligence,Virtual reality
Artificial_intelligence,Vision-guided robot systems
Artificial_intelligence,Vision transformer
Artificial_intelligence,Visual odometry
Artificial_intelligence,Visualization (graphics)
Artificial_intelligence,Vitalism
Artificial_intelligence,Voiceverse NFT plagiarism scandal
Artificial_intelligence,Vulnerable world hypothesis
Artificial_intelligence,W. Ross Ashby
Artificial_intelligence,WIPO
Artificial_intelligence,Walter Bradford Cannon
Artificial_intelligence,Walter Pitts
Artificial_intelligence,Warren S. McCulloch
Artificial_intelligence,Warren Sturgis McCulloch
Artificial_intelligence,Watson (artificial intelligence software)
Artificial_intelligence,WaveNet
Artificial_intelligence,Wayback Machine
Artificial_intelligence,Waymo
Artificial_intelligence,Weak artificial intelligence
Artificial_intelligence,Weapons of mass destruction
Artificial_intelligence,Web search engine
Artificial_intelligence,Weight initialization
Artificial_intelligence,Weighting
Artificial_intelligence,Wendell Wallach
Artificial_intelligence,Wetware computer
Artificial_intelligence,What Computers Can't Do
Artificial_intelligence,Whisper (speech recognition system)
Artificial_intelligence,Wilfrid Sellars
Artificial_intelligence,Wilhelm Windelband
Artificial_intelligence,Willard Van Orman Quine
Artificial_intelligence,William Grey Walter
Artificial_intelligence,William James
Artificial_intelligence,William Stubblefield
Artificial_intelligence,Willie L. Phillips
Artificial_intelligence,Wireless sensor network
Artificial_intelligence,Wolf Robotics
Artificial_intelligence,Woody Evans
Artificial_intelligence,Word-sense disambiguation
Artificial_intelligence,Word2vec
Artificial_intelligence,Word embedding
Artificial_intelligence,Word processor
Artificial_intelligence,Workplace impact of artificial intelligence
Artificial_intelligence,Workplace robotics safety
Artificial_intelligence,World Pensions & Investments Forum
Artificial_intelligence,World Wide Web
Artificial_intelligence,XAI (company)
Artificial_intelligence,Yandex
Artificial_intelligence,Yann LeCun
Artificial_intelligence,Yaskawa Electric Corporation
Artificial_intelligence,Yoshua Bengio
Artificial_intelligence,YouTube
Artificial_intelligence,Yu-Chi Ho
Artificial_intelligence,Yuval Noah Harari
Artificial_intelligence,Zhuang Zhou
Artificial_intelligence,Talk:Artificial intelligence
Artificial_intelligence,Wikipedia:Accuracy dispute
Artificial_intelligence,Wikipedia:Protection policy
Artificial_intelligence,Wikipedia:WikiProject Philosophy
Artificial_intelligence,Wikipedia:WikiProject Philosophy/Mind
Artificial_intelligence,Wikipedia:Wikimedia sister projects
Artificial_intelligence,Template:Artificial intelligence
Artificial_intelligence,Template:Artificial intelligence navbox
Artificial_intelligence,Template:Computer science
Artificial_intelligence,Template:Cybernetics
Artificial_intelligence,Template:Differentiable computing
Artificial_intelligence,Template:Emerging technologies
Artificial_intelligence,Template:Evolutionary computation
Artificial_intelligence,Template:Existential risk from artificial intelligence
Artificial_intelligence,Template:Glossaries of computers
Artificial_intelligence,Template:Glossaries of science and engineering
Artificial_intelligence,Template:John McCarthy
Artificial_intelligence,Template:Mental processes
Artificial_intelligence,Template:PD-notice
Artificial_intelligence,Template:Philosophy of mind
Artificial_intelligence,Template:Philosophy of science
Artificial_intelligence,Template:Robotics
Artificial_intelligence,Template talk:Artificial intelligence
Artificial_intelligence,Template talk:Artificial intelligence navbox
Artificial_intelligence,Template talk:Computer science
Artificial_intelligence,Template talk:Cybernetics
Artificial_intelligence,Template talk:Emerging technologies
Artificial_intelligence,Template talk:Evolutionary computation
Artificial_intelligence,Template talk:Existential risk from artificial intelligence
Artificial_intelligence,Template talk:Glossaries of science and engineering
Artificial_intelligence,Template talk:John McCarthy
Artificial_intelligence,Template talk:Philosophy of mind
Artificial_intelligence,Template talk:Philosophy of science
Artificial_intelligence,Template talk:Robotics
Artificial_intelligence,Help:Authority control
Artificial_intelligence,Category:Artificial intelligence
Artificial_intelligence,Category:Computer science
Artificial_intelligence,Category:Existential risk from artificial intelligence
Artificial_intelligence,Category:Philosophers of mind
Artificial_intelligence,Category:Philosophy of mind
Artificial_intelligence,Category:Philosophy of science
Artificial_intelligence,Category:Robotics
Artificial_intelligence,Portal:Philosophy
Artificial_intelligence,Portal:Science
